{
    "sources": [
        {
            "URL": "https://nhorton.people.amherst.edu/mererenovation/17_Wickham.PDF",
            "author": [
                {
                    "family": "Wickham",
                    "given": "H."
                }
            ],
            "container-title": "The American Statistician, Online Discussion",
            "id": "wickham2015",
            "issued": {
                "date-parts": [
                    [
                        2015
                    ]
                ]
            },
            "title": "Teaching safe-stats, not statistical abstinence",
            "type": "article-journal"
        },
        {
            "author": [
                {
                    "family": "Wickham",
                    "given": "H."
                },
                {
                    "family": "Grolemund",
                    "given": "G."
                }
            ],
            "id": "wickham2016r",
            "issued": {
                "date-parts": [
                    [
                        2016
                    ]
                ]
            },
            "publisher": "O’Reilly Media",
            "title": "R for data science: Import, tidy, transform, visualize, and model data",
            "title-short": "R for data science",
            "type": "book"
        },
        {
            "URL": "http://r4ds.had.co.nz/introduction.html",
            "author": [
                {
                    "family": "Wickham",
                    "given": "H."
                },
                {
                    "family": "Grolemund",
                    "given": "G."
                }
            ],
            "container-title": "R for data science: Import, tidy, transform, visualize, and model data",
            "editor": [
                {
                    "family": "Wickham",
                    "given": "H."
                },
                {
                    "family": "Grolemund",
                    "given": "G."
                }
            ],
            "id": "r4ds_preface",
            "issued": {
                "date-parts": [
                    [
                        2016
                    ]
                ]
            },
            "page": "ix-2",
            "publisher": "O’Reilly Media",
            "title": "Preface",
            "type": "chapter"
        },
        {
            "URL": "http://r4ds.had.co.nz/data-visualisation.html",
            "author": [
                {
                    "family": "Wickham",
                    "given": "H."
                },
                {
                    "family": "Grolemund",
                    "given": "G."
                }
            ],
            "container-title": "R for data science: Import, tidy, transform, visualize, and model data",
            "editor": [
                {
                    "family": "Wickham",
                    "given": "H."
                },
                {
                    "family": "Grolemund",
                    "given": "G."
                }
            ],
            "id": "r4ds_ch1",
            "issued": {
                "date-parts": [
                    [
                        2016
                    ]
                ]
            },
            "page": "3-34",
            "publisher": "O’Reilly Media",
            "title": "Data visualization with ggplot2",
            "type": "chapter"
        },
        {
            "URL": "http://r4ds.had.co.nz/workflow-basics.html",
            "author": [
                {
                    "family": "Wickham",
                    "given": "H."
                },
                {
                    "family": "Grolemund",
                    "given": "G."
                }
            ],
            "container-title": "R for data science: Import, tidy, transform, visualize, and model data",
            "editor": [
                {
                    "family": "Wickham",
                    "given": "H."
                },
                {
                    "family": "Grolemund",
                    "given": "G."
                }
            ],
            "id": "r4ds_ch2",
            "issued": {
                "date-parts": [
                    [
                        2016
                    ]
                ]
            },
            "page": "37-39",
            "publisher": "O’Reilly Media",
            "title": "Workflow: basics",
            "title-short": "Workflow",
            "type": "chapter"
        },
        {
            "author": [
                {
                    "family": "Wickham",
                    "given": "H."
                },
                {
                    "family": "Grolemund",
                    "given": "G."
                }
            ],
            "container-title": "R for data science: Import, tidy, transform, visualize, and model data",
            "editor": [
                {
                    "family": "Wickham",
                    "given": "H."
                },
                {
                    "family": "Grolemund",
                    "given": "G."
                }
            ],
            "id": "r4ds_ch3",
            "issued": {
                "date-parts": [
                    [
                        2016
                    ]
                ]
            },
            "page": "43-73",
            "publisher": "O’Reilly Media",
            "title": "Data transformation with dplyr",
            "type": "chapter"
        },
        {
            "author": [
                {
                    "family": "Wickham",
                    "given": "H."
                },
                {
                    "family": "Grolemund",
                    "given": "G."
                }
            ],
            "container-title": "R for data science: Import, tidy, transform, visualize, and model data",
            "editor": [
                {
                    "family": "Wickham",
                    "given": "H."
                },
                {
                    "family": "Grolemund",
                    "given": "G."
                }
            ],
            "id": "r4ds_ch4",
            "issued": {
                "date-parts": [
                    [
                        2016
                    ]
                ]
            },
            "page": "77-79",
            "publisher": "O’Reilly Media",
            "title": "Workflow: scripts",
            "title-short": "Workflow",
            "type": "chapter"
        },
        {
            "author": [
                {
                    "family": "Wickham",
                    "given": "H."
                },
                {
                    "family": "Grolemund",
                    "given": "G."
                }
            ],
            "container-title": "R for data science: Import, tidy, transform, visualize, and model data",
            "editor": [
                {
                    "family": "Wickham",
                    "given": "H."
                },
                {
                    "family": "Grolemund",
                    "given": "G."
                }
            ],
            "id": "r4ds_ch5",
            "issued": {
                "date-parts": [
                    [
                        2016
                    ]
                ]
            },
            "page": "81-108",
            "publisher": "O’Reilly Media",
            "title": "Exploratory data analysis",
            "type": "chapter"
        },
        {
            "author": [
                {
                    "family": "Wickham",
                    "given": "H."
                },
                {
                    "family": "Grolemund",
                    "given": "G."
                }
            ],
            "container-title": "R for data science: Import, tidy, transform, visualize, and model data",
            "editor": [
                {
                    "family": "Wickham",
                    "given": "H."
                },
                {
                    "family": "Grolemund",
                    "given": "G."
                }
            ],
            "id": "r4ds_ch6",
            "issued": {
                "date-parts": [
                    [
                        2016
                    ]
                ]
            },
            "page": "111-116",
            "publisher": "O’Reilly Media",
            "title": "Workflow: projects",
            "title-short": "Workflow",
            "type": "chapter"
        },
        {
            "author": [
                {
                    "family": "Wickham",
                    "given": "H."
                },
                {
                    "family": "Grolemund",
                    "given": "G."
                }
            ],
            "container-title": "R for data science: Import, tidy, transform, visualize, and model data",
            "editor": [
                {
                    "family": "Wickham",
                    "given": "H."
                },
                {
                    "family": "Grolemund",
                    "given": "G."
                }
            ],
            "id": "r4ds_ch7",
            "issued": {
                "date-parts": [
                    [
                        2016
                    ]
                ]
            },
            "page": "119-123",
            "publisher": "O’Reilly Media",
            "title": "Tibbles with tibble",
            "type": "chapter"
        },
        {
            "author": [
                {
                    "family": "Wickham",
                    "given": "H."
                },
                {
                    "family": "Grolemund",
                    "given": "G."
                }
            ],
            "container-title": "R for data science: Import, tidy, transform, visualize, and model data",
            "editor": [
                {
                    "family": "Wickham",
                    "given": "H."
                },
                {
                    "family": "Grolemund",
                    "given": "G."
                }
            ],
            "id": "r4ds_ch8",
            "issued": {
                "date-parts": [
                    [
                        2016
                    ]
                ]
            },
            "page": "125-145",
            "publisher": "O’Reilly Media",
            "title": "Data import with readr",
            "type": "chapter"
        },
        {
            "author": [
                {
                    "family": "Wickham",
                    "given": "H."
                },
                {
                    "family": "Grolemund",
                    "given": "G."
                }
            ],
            "container-title": "R for data science: Import, tidy, transform, visualize, and model data",
            "editor": [
                {
                    "family": "Wickham",
                    "given": "H."
                },
                {
                    "family": "Grolemund",
                    "given": "G."
                }
            ],
            "id": "r4ds_ch9",
            "issued": {
                "date-parts": [
                    [
                        2016
                    ]
                ]
            },
            "page": "147-168",
            "publisher": "O’Reilly Media",
            "title": "Tidy data with tidyr",
            "type": "chapter"
        },
        {
            "author": [
                {
                    "family": "Wickham",
                    "given": "H."
                },
                {
                    "family": "Grolemund",
                    "given": "G."
                }
            ],
            "container-title": "R for data science: Import, tidy, transform, visualize, and model data",
            "editor": [
                {
                    "family": "Wickham",
                    "given": "H."
                },
                {
                    "family": "Grolemund",
                    "given": "G."
                }
            ],
            "id": "r4ds_ch10",
            "issued": {
                "date-parts": [
                    [
                        2016
                    ]
                ]
            },
            "page": "171-192",
            "publisher": "O’Reilly Media",
            "title": "Relational data with dplyr",
            "type": "chapter"
        },
        {
            "author": [
                {
                    "family": "Wickham",
                    "given": "H."
                },
                {
                    "family": "Grolemund",
                    "given": "G."
                }
            ],
            "container-title": "R for data science: Import, tidy, transform, visualize, and model data",
            "editor": [
                {
                    "family": "Wickham",
                    "given": "H."
                },
                {
                    "family": "Grolemund",
                    "given": "G."
                }
            ],
            "id": "r4ds_ch11",
            "issued": {
                "date-parts": [
                    [
                        2016
                    ]
                ]
            },
            "page": "195-222",
            "publisher": "O’Reilly Media",
            "title": "Strings with stringr",
            "type": "chapter"
        },
        {
            "author": [
                {
                    "family": "Wickham",
                    "given": "H."
                },
                {
                    "family": "Grolemund",
                    "given": "G."
                }
            ],
            "container-title": "R for data science: Import, tidy, transform, visualize, and model data",
            "editor": [
                {
                    "family": "Wickham",
                    "given": "H."
                },
                {
                    "family": "Grolemund",
                    "given": "G."
                }
            ],
            "id": "r4ds_ch12",
            "issued": {
                "date-parts": [
                    [
                        2016
                    ]
                ]
            },
            "page": "223-232",
            "publisher": "O’Reilly Media",
            "title": "Factors with forcats",
            "type": "chapter"
        },
        {
            "author": [
                {
                    "family": "Wickham",
                    "given": "H."
                },
                {
                    "family": "Grolemund",
                    "given": "G."
                }
            ],
            "container-title": "R for data science: Import, tidy, transform, visualize, and model data",
            "editor": [
                {
                    "family": "Wickham",
                    "given": "H."
                },
                {
                    "family": "Grolemund",
                    "given": "G."
                }
            ],
            "id": "r4ds_ch13",
            "issued": {
                "date-parts": [
                    [
                        2016
                    ]
                ]
            },
            "page": "237-254",
            "publisher": "O’Reilly Media",
            "title": "Dates and times with lubridate",
            "type": "chapter"
        },
        {
            "author": [
                {
                    "family": "Wickham",
                    "given": "H."
                },
                {
                    "family": "Grolemund",
                    "given": "G."
                }
            ],
            "container-title": "R for data science: Import, tidy, transform, visualize, and model data",
            "editor": [
                {
                    "family": "Wickham",
                    "given": "H."
                },
                {
                    "family": "Grolemund",
                    "given": "G."
                }
            ],
            "id": "r4ds_ch14",
            "issued": {
                "date-parts": [
                    [
                        2016
                    ]
                ]
            },
            "page": "261-267",
            "publisher": "O’Reilly Media",
            "title": "Pipes with magrittr",
            "type": "chapter"
        },
        {
            "author": [
                {
                    "family": "Wickham",
                    "given": "H."
                },
                {
                    "family": "Grolemund",
                    "given": "G."
                }
            ],
            "container-title": "R for data science: Import, tidy, transform, visualize, and model data",
            "editor": [
                {
                    "family": "Wickham",
                    "given": "H."
                },
                {
                    "family": "Grolemund",
                    "given": "G."
                }
            ],
            "id": "r4ds_ch15",
            "issued": {
                "date-parts": [
                    [
                        2016
                    ]
                ]
            },
            "page": "269-288",
            "publisher": "O’Reilly Media",
            "title": "Functions",
            "type": "chapter"
        },
        {
            "author": [
                {
                    "family": "Wickham",
                    "given": "H."
                },
                {
                    "family": "Grolemund",
                    "given": "G."
                }
            ],
            "container-title": "R for data science: Import, tidy, transform, visualize, and model data",
            "editor": [
                {
                    "family": "Wickham",
                    "given": "H."
                },
                {
                    "family": "Grolemund",
                    "given": "G."
                }
            ],
            "id": "r4ds_ch16",
            "issued": {
                "date-parts": [
                    [
                        2016
                    ]
                ]
            },
            "page": "291-309",
            "publisher": "O’Reilly Media",
            "title": "Vectors",
            "type": "chapter"
        },
        {
            "author": [
                {
                    "family": "Wickham",
                    "given": "H."
                },
                {
                    "family": "Grolemund",
                    "given": "G."
                }
            ],
            "container-title": "R for data science: Import, tidy, transform, visualize, and model data",
            "editor": [
                {
                    "family": "Wickham",
                    "given": "H."
                },
                {
                    "family": "Grolemund",
                    "given": "G."
                }
            ],
            "id": "r4ds_ch17",
            "issued": {
                "date-parts": [
                    [
                        2016
                    ]
                ]
            },
            "page": "313-336",
            "publisher": "O’Reilly Media",
            "title": "Iteration with purrr",
            "type": "chapter"
        },
        {
            "author": [
                {
                    "family": "Wickham",
                    "given": "H."
                },
                {
                    "family": "Grolemund",
                    "given": "G."
                }
            ],
            "container-title": "R for data science: Import, tidy, transform, visualize, and model data",
            "editor": [
                {
                    "family": "Wickham",
                    "given": "H."
                },
                {
                    "family": "Grolemund",
                    "given": "G."
                }
            ],
            "id": "r4ds_ch18",
            "issued": {
                "date-parts": [
                    [
                        2016
                    ]
                ]
            },
            "page": "345-372",
            "publisher": "O’Reilly Media",
            "title": "Model basics with modelr",
            "type": "chapter"
        },
        {
            "author": [
                {
                    "family": "Wickham",
                    "given": "H."
                },
                {
                    "family": "Grolemund",
                    "given": "G."
                }
            ],
            "container-title": "R for data science: Import, tidy, transform, visualize, and model data",
            "editor": [
                {
                    "family": "Wickham",
                    "given": "H."
                },
                {
                    "family": "Grolemund",
                    "given": "G."
                }
            ],
            "id": "r4ds_ch19",
            "issued": {
                "date-parts": [
                    [
                        2016
                    ]
                ]
            },
            "page": "375-396",
            "publisher": "O’Reilly Media",
            "title": "Model building",
            "type": "chapter"
        },
        {
            "author": [
                {
                    "family": "Wickham",
                    "given": "H."
                },
                {
                    "family": "Grolemund",
                    "given": "G."
                }
            ],
            "container-title": "R for data science: Import, tidy, transform, visualize, and model data",
            "editor": [
                {
                    "family": "Wickham",
                    "given": "H."
                },
                {
                    "family": "Grolemund",
                    "given": "G."
                }
            ],
            "id": "r4ds_ch20",
            "issued": {
                "date-parts": [
                    [
                        2016
                    ]
                ]
            },
            "page": "397-419",
            "publisher": "O’Reilly Media",
            "title": "Many models with purrr and broom",
            "type": "chapter"
        },
        {
            "author": [
                {
                    "family": "Wickham",
                    "given": "H."
                },
                {
                    "family": "Grolemund",
                    "given": "G."
                }
            ],
            "container-title": "R for data science: Import, tidy, transform, visualize, and model data",
            "editor": [
                {
                    "family": "Wickham",
                    "given": "H."
                },
                {
                    "family": "Grolemund",
                    "given": "G."
                }
            ],
            "id": "r4ds_ch21",
            "issued": {
                "date-parts": [
                    [
                        2016
                    ]
                ]
            },
            "page": "423-438",
            "publisher": "O’Reilly Media",
            "title": "R markdown",
            "type": "chapter"
        },
        {
            "author": [
                {
                    "family": "Wickham",
                    "given": "H."
                },
                {
                    "family": "Grolemund",
                    "given": "G."
                }
            ],
            "container-title": "R for data science: Import, tidy, transform, visualize, and model data",
            "editor": [
                {
                    "family": "Wickham",
                    "given": "H."
                },
                {
                    "family": "Grolemund",
                    "given": "G."
                }
            ],
            "id": "r4ds_ch22",
            "issued": {
                "date-parts": [
                    [
                        2016
                    ]
                ]
            },
            "page": "441-467",
            "publisher": "O’Reilly Media",
            "title": "Graphics for communication with ggplot2",
            "type": "chapter"
        },
        {
            "author": [
                {
                    "family": "Wickham",
                    "given": "H."
                },
                {
                    "family": "Grolemund",
                    "given": "G."
                }
            ],
            "container-title": "R for data science: Import, tidy, transform, visualize, and model data",
            "editor": [
                {
                    "family": "Wickham",
                    "given": "H."
                },
                {
                    "family": "Grolemund",
                    "given": "G."
                }
            ],
            "id": "r4ds_ch23",
            "issued": {
                "date-parts": [
                    [
                        2016
                    ]
                ]
            },
            "page": "469-478",
            "publisher": "O’Reilly Media",
            "title": "R markdown formats",
            "type": "chapter"
        },
        {
            "author": [
                {
                    "family": "Wickham",
                    "given": "H."
                },
                {
                    "family": "Grolemund",
                    "given": "G."
                }
            ],
            "container-title": "R for data science: Import, tidy, transform, visualize, and model data",
            "editor": [
                {
                    "family": "Wickham",
                    "given": "H."
                },
                {
                    "family": "Grolemund",
                    "given": "G."
                }
            ],
            "id": "r4ds_ch24",
            "issued": {
                "date-parts": [
                    [
                        2016
                    ]
                ]
            },
            "page": "479-481",
            "publisher": "O’Reilly Media",
            "title": "R markdown workflow",
            "type": "chapter"
        },
        {
            "author": [
                {
                    "family": "Johnson",
                    "given": "K."
                }
            ],
            "id": "johnson2011quantitative",
            "issued": {
                "date-parts": [
                    [
                        2011
                    ]
                ]
            },
            "publisher": "Wiley",
            "title": "Quantitative methods in linguistics",
            "type": "book"
        },
        {
            "author": [
                {
                    "family": "Johnson",
                    "given": "K."
                }
            ],
            "container-title": "Quantitative methods in linguistics",
            "editor": [
                {
                    "family": "Johnson",
                    "given": "K."
                }
            ],
            "id": "qml_ch1",
            "issued": {
                "date-parts": [
                    [
                        2011
                    ]
                ]
            },
            "page": "1-33",
            "publisher": "Wiley",
            "title": "Fundamentals of quantitative analysis",
            "type": "chapter"
        },
        {
            "author": [
                {
                    "family": "Johnson",
                    "given": "K."
                }
            ],
            "container-title": "Quantitative methods in linguistics",
            "editor": [
                {
                    "family": "Johnson",
                    "given": "K."
                }
            ],
            "id": "qml_ch2",
            "issued": {
                "date-parts": [
                    [
                        2011
                    ]
                ]
            },
            "page": "34-69",
            "publisher": "Wiley",
            "title": "Patterns and tests",
            "type": "chapter"
        },
        {
            "author": [
                {
                    "family": "Johnson",
                    "given": "K."
                }
            ],
            "container-title": "Quantitative methods in linguistics",
            "editor": [
                {
                    "family": "Johnson",
                    "given": "K."
                }
            ],
            "id": "qml_ch3",
            "issued": {
                "date-parts": [
                    [
                        2011
                    ]
                ]
            },
            "page": "70-103",
            "publisher": "Wiley",
            "title": "Phonetics",
            "type": "chapter"
        },
        {
            "author": [
                {
                    "family": "Johnson",
                    "given": "K."
                }
            ],
            "container-title": "Quantitative methods in linguistics",
            "editor": [
                {
                    "family": "Johnson",
                    "given": "K."
                }
            ],
            "id": "qml_ch4",
            "issued": {
                "date-parts": [
                    [
                        2011
                    ]
                ]
            },
            "page": "104-143",
            "publisher": "Wiley",
            "title": "Psycholinguistics",
            "type": "chapter"
        },
        {
            "author": [
                {
                    "family": "Johnson",
                    "given": "K."
                }
            ],
            "container-title": "Quantitative methods in linguistics",
            "editor": [
                {
                    "family": "Johnson",
                    "given": "K."
                }
            ],
            "id": "qml_ch5",
            "issued": {
                "date-parts": [
                    [
                        2011
                    ]
                ]
            },
            "page": "144-181",
            "publisher": "Wiley",
            "title": "Sociolinguistics",
            "type": "chapter"
        },
        {
            "author": [
                {
                    "family": "Johnson",
                    "given": "K."
                }
            ],
            "container-title": "Quantitative methods in linguistics",
            "editor": [
                {
                    "family": "Johnson",
                    "given": "K."
                }
            ],
            "id": "qml_ch6",
            "issued": {
                "date-parts": [
                    [
                        2011
                    ]
                ]
            },
            "page": "182-215",
            "publisher": "Wiley",
            "title": "Historical linguistics",
            "type": "chapter"
        },
        {
            "author": [
                {
                    "family": "Johnson",
                    "given": "K."
                }
            ],
            "container-title": "Quantitative methods in linguistics",
            "editor": [
                {
                    "family": "Johnson",
                    "given": "K."
                }
            ],
            "id": "qml_ch7",
            "issued": {
                "date-parts": [
                    [
                        2011
                    ]
                ]
            },
            "page": "216-265",
            "publisher": "Wiley",
            "title": "Syntax",
            "type": "chapter"
        },
        {
            "ISBN": "9781483381497",
            "author": [
                {
                    "family": "Lewis-Beck",
                    "given": "M."
                }
            ],
            "collection-title": "Sage university paper series on quantitative applications in the social sciences - 22",
            "id": "lewis1980applied",
            "issued": {
                "date-parts": [
                    [
                        1980
                    ]
                ]
            },
            "publisher": "Newbury Park, CA: Sage",
            "title": "Applied regression: An introduction",
            "title-short": "Applied regression",
            "type": "book"
        },
        {
            "ISBN": "9781483381497",
            "author": [
                {
                    "family": "Lewis-Beck",
                    "given": "M."
                }
            ],
            "collection-title": "Sage university paper series on quantitative applications in the social sciences - 22",
            "container-title": "Applied regression: An introduction",
            "editor": [
                {
                    "family": "Lewis-Beck",
                    "given": "M."
                }
            ],
            "id": "qass22_ch1",
            "issued": {
                "date-parts": [
                    [
                        1980
                    ]
                ]
            },
            "page": "9-25",
            "publisher": "Newbury Park, CA: Sage",
            "title": "Bivariate regression: Fitting a straight line",
            "title-short": "Bivariate regression",
            "type": "chapter"
        },
        {
            "ISBN": "9781483381497",
            "author": [
                {
                    "family": "Lewis-Beck",
                    "given": "M."
                }
            ],
            "collection-title": "Sage university paper series on quantitative applications in the social sciences - 22",
            "container-title": "Applied regression: An introduction",
            "editor": [
                {
                    "family": "Lewis-Beck",
                    "given": "M."
                }
            ],
            "id": "qass22_ch2",
            "issued": {
                "date-parts": [
                    [
                        1980
                    ]
                ]
            },
            "page": "26-46",
            "publisher": "Newbury Park, CA: Sage",
            "title": "Bivariate regression: Assumptions and inferences",
            "title-short": "Bivariate regression",
            "type": "chapter"
        },
        {
            "ISBN": "9781483381497",
            "author": [
                {
                    "family": "Lewis-Beck",
                    "given": "M."
                }
            ],
            "collection-title": "Sage university paper series on quantitative applications in the social sciences - 22",
            "container-title": "Applied regression: An introduction",
            "editor": [
                {
                    "family": "Lewis-Beck",
                    "given": "M."
                }
            ],
            "id": "qass22_ch3",
            "issued": {
                "date-parts": [
                    [
                        1980
                    ]
                ]
            },
            "page": "47-74",
            "publisher": "Newbury Park, CA: Sage",
            "title": "Multiple regression",
            "type": "chapter"
        },
        {
            "ISBN": "9780803920545",
            "author": [
                {
                    "family": "Berry",
                    "given": "W. D."
                },
                {
                    "family": "Feldman",
                    "given": "S."
                }
            ],
            "collection-title": "Sage university paper series on quantitative applications in the social sciences - 50",
            "id": "berry1985multiple",
            "issued": {
                "date-parts": [
                    [
                        1985
                    ]
                ]
            },
            "publisher": "Newbury Park, CA: Sage",
            "title": "Multiple regression in practice",
            "type": "book"
        },
        {
            "ISBN": "9780803920545",
            "author": [
                {
                    "family": "Berry",
                    "given": "W. D."
                },
                {
                    "family": "Feldman",
                    "given": "S."
                }
            ],
            "collection-title": "Sage university paper series on quantitative applications in the social sciences - 50",
            "container-title": "Multiple regression in practice",
            "editor": [
                {
                    "family": "Berry",
                    "given": "W. D."
                },
                {
                    "family": "Feldman",
                    "given": "S."
                }
            ],
            "id": "qass50_ch1",
            "issued": {
                "date-parts": [
                    [
                        1985
                    ]
                ]
            },
            "page": "9-17",
            "publisher": "Newbury Park, CA: Sage",
            "title": "The multiple regression model: A review",
            "title-short": "The multiple regression model",
            "type": "chapter"
        },
        {
            "ISBN": "9780803920545",
            "author": [
                {
                    "family": "Berry",
                    "given": "W. D."
                },
                {
                    "family": "Feldman",
                    "given": "S."
                }
            ],
            "collection-title": "Sage university paper series on quantitative applications in the social sciences - 50",
            "container-title": "Multiple regression in practice",
            "editor": [
                {
                    "family": "Berry",
                    "given": "W. D."
                },
                {
                    "family": "Feldman",
                    "given": "S."
                }
            ],
            "id": "qass50_ch2",
            "issued": {
                "date-parts": [
                    [
                        1985
                    ]
                ]
            },
            "page": "18-25",
            "publisher": "Newbury Park, CA: Sage",
            "title": "Specification error",
            "type": "chapter"
        },
        {
            "ISBN": "9780803920545",
            "author": [
                {
                    "family": "Berry",
                    "given": "W. D."
                },
                {
                    "family": "Feldman",
                    "given": "S."
                }
            ],
            "collection-title": "Sage university paper series on quantitative applications in the social sciences - 50",
            "container-title": "Multiple regression in practice",
            "editor": [
                {
                    "family": "Berry",
                    "given": "W. D."
                },
                {
                    "family": "Feldman",
                    "given": "S."
                }
            ],
            "id": "qass50_ch3",
            "issued": {
                "date-parts": [
                    [
                        1985
                    ]
                ]
            },
            "page": "26-36",
            "publisher": "Newbury Park, CA: Sage",
            "title": "Measurement error",
            "type": "chapter"
        },
        {
            "ISBN": "9780803920545",
            "author": [
                {
                    "family": "Berry",
                    "given": "W. D."
                },
                {
                    "family": "Feldman",
                    "given": "S."
                }
            ],
            "collection-title": "Sage university paper series on quantitative applications in the social sciences - 50",
            "container-title": "Multiple regression in practice",
            "editor": [
                {
                    "family": "Berry",
                    "given": "W. D."
                },
                {
                    "family": "Feldman",
                    "given": "S."
                }
            ],
            "id": "qass50_ch4",
            "issued": {
                "date-parts": [
                    [
                        1985
                    ]
                ]
            },
            "page": "37-50",
            "publisher": "Newbury Park, CA: Sage",
            "title": "Multicollinearity",
            "type": "chapter"
        },
        {
            "ISBN": "9780803920545",
            "author": [
                {
                    "family": "Berry",
                    "given": "W. D."
                },
                {
                    "family": "Feldman",
                    "given": "S."
                }
            ],
            "collection-title": "Sage university paper series on quantitative applications in the social sciences - 50",
            "container-title": "Multiple regression in practice",
            "editor": [
                {
                    "family": "Berry",
                    "given": "W. D."
                },
                {
                    "family": "Feldman",
                    "given": "S."
                }
            ],
            "id": "qass50_ch5",
            "issued": {
                "date-parts": [
                    [
                        1985
                    ]
                ]
            },
            "page": "51-72",
            "publisher": "Newbury Park, CA: Sage",
            "title": "Nonlinearity and nonadditivity",
            "type": "chapter"
        },
        {
            "ISBN": "9780803920545",
            "author": [
                {
                    "family": "Berry",
                    "given": "W. D."
                },
                {
                    "family": "Feldman",
                    "given": "S."
                }
            ],
            "collection-title": "Sage university paper series on quantitative applications in the social sciences - 50",
            "container-title": "Multiple regression in practice",
            "editor": [
                {
                    "family": "Berry",
                    "given": "W. D."
                },
                {
                    "family": "Feldman",
                    "given": "S."
                }
            ],
            "id": "qass50_ch6",
            "issued": {
                "date-parts": [
                    [
                        1985
                    ]
                ]
            },
            "page": "73-89",
            "publisher": "Newbury Park, CA: Sage",
            "title": "Heteroscedasticity and autocorrelation",
            "type": "chapter"
        },
        {
            "ISBN": "9780803927582",
            "author": [
                {
                    "family": "Schroeder",
                    "given": "L. D."
                },
                {
                    "family": "Sjoquist",
                    "given": "D. L."
                },
                {
                    "family": "Stephan",
                    "given": "P. E."
                }
            ],
            "collection-title": "Sage university paper series on quantitative applications in the social sciences - 57",
            "id": "schroeder1986understanding",
            "issued": {
                "date-parts": [
                    [
                        1986
                    ]
                ]
            },
            "publisher": "Newbury Park, CA: Sage",
            "title": "Understanding regression analysis: An introductory guide",
            "title-short": "Understanding regression analysis",
            "type": "book"
        },
        {
            "ISBN": "9780803927582",
            "author": [
                {
                    "family": "Schroeder",
                    "given": "L. D."
                },
                {
                    "family": "Sjoquist",
                    "given": "D. L."
                },
                {
                    "family": "Stephan",
                    "given": "P. E."
                }
            ],
            "collection-title": "Sage university paper series on quantitative applications in the social sciences - 57",
            "container-title": "Understanding regression analysis: An introductory guide",
            "editor": [
                {
                    "family": "Schroeder",
                    "given": "L. D."
                },
                {
                    "family": "Sjoquist",
                    "given": "D. L."
                },
                {
                    "family": "Stephan",
                    "given": "P. E."
                }
            ],
            "id": "qass57_ch1",
            "issued": {
                "date-parts": [
                    [
                        1986
                    ]
                ]
            },
            "page": "11-28",
            "publisher": "Newbury Park, CA: Sage",
            "title": "Linear regression",
            "type": "chapter"
        },
        {
            "ISBN": "9780803927582",
            "author": [
                {
                    "family": "Schroeder",
                    "given": "L. D."
                },
                {
                    "family": "Sjoquist",
                    "given": "D. L."
                },
                {
                    "family": "Stephan",
                    "given": "P. E."
                }
            ],
            "collection-title": "Sage university paper series on quantitative applications in the social sciences - 57",
            "container-title": "Understanding regression analysis: An introductory guide",
            "editor": [
                {
                    "family": "Schroeder",
                    "given": "L. D."
                },
                {
                    "family": "Sjoquist",
                    "given": "D. L."
                },
                {
                    "family": "Stephan",
                    "given": "P. E."
                }
            ],
            "id": "qass57_ch2",
            "issued": {
                "date-parts": [
                    [
                        1986
                    ]
                ]
            },
            "page": "29-35",
            "publisher": "Newbury Park, CA: Sage",
            "title": "Multiple linear regression",
            "type": "chapter"
        },
        {
            "ISBN": "9780803927582",
            "author": [
                {
                    "family": "Schroeder",
                    "given": "L. D."
                },
                {
                    "family": "Sjoquist",
                    "given": "D. L."
                },
                {
                    "family": "Stephan",
                    "given": "P. E."
                }
            ],
            "collection-title": "Sage university paper series on quantitative applications in the social sciences - 57",
            "container-title": "Understanding regression analysis: An introductory guide",
            "editor": [
                {
                    "family": "Schroeder",
                    "given": "L. D."
                },
                {
                    "family": "Sjoquist",
                    "given": "D. L."
                },
                {
                    "family": "Stephan",
                    "given": "P. E."
                }
            ],
            "id": "qass57_ch3",
            "issued": {
                "date-parts": [
                    [
                        1986
                    ]
                ]
            },
            "page": "36-52",
            "publisher": "Newbury Park, CA: Sage",
            "title": "Hypothesis testing",
            "type": "chapter"
        },
        {
            "ISBN": "9780803927582",
            "author": [
                {
                    "family": "Schroeder",
                    "given": "L. D."
                },
                {
                    "family": "Sjoquist",
                    "given": "D. L."
                },
                {
                    "family": "Stephan",
                    "given": "P. E."
                }
            ],
            "collection-title": "Sage university paper series on quantitative applications in the social sciences - 57",
            "container-title": "Understanding regression analysis: An introductory guide",
            "editor": [
                {
                    "family": "Schroeder",
                    "given": "L. D."
                },
                {
                    "family": "Sjoquist",
                    "given": "D. L."
                },
                {
                    "family": "Stephan",
                    "given": "P. E."
                }
            ],
            "id": "qass57_ch4",
            "issued": {
                "date-parts": [
                    [
                        1986
                    ]
                ]
            },
            "page": "53-64",
            "publisher": "Newbury Park, CA: Sage",
            "title": "Extensions to the multiple regression model",
            "type": "chapter"
        },
        {
            "ISBN": "9780803927582",
            "author": [
                {
                    "family": "Schroeder",
                    "given": "L. D."
                },
                {
                    "family": "Sjoquist",
                    "given": "D. L."
                },
                {
                    "family": "Stephan",
                    "given": "P. E."
                }
            ],
            "collection-title": "Sage university paper series on quantitative applications in the social sciences - 57",
            "container-title": "Understanding regression analysis: An introductory guide",
            "editor": [
                {
                    "family": "Schroeder",
                    "given": "L. D."
                },
                {
                    "family": "Sjoquist",
                    "given": "D. L."
                },
                {
                    "family": "Stephan",
                    "given": "P. E."
                }
            ],
            "id": "qass57_ch5",
            "issued": {
                "date-parts": [
                    [
                        1986
                    ]
                ]
            },
            "page": "65-80",
            "publisher": "Newbury Park, CA: Sage",
            "title": "Problems and issues of linear regression",
            "type": "chapter"
        },
        {
            "ISBN": "9780803951280",
            "author": [
                {
                    "family": "Hardy",
                    "given": "M. A."
                }
            ],
            "collection-title": "Sage university paper series on quantitative applications in the social sciences - 93",
            "id": "hardy1993regression",
            "issued": {
                "date-parts": [
                    [
                        1993
                    ]
                ]
            },
            "publisher": "Newbury Park, CA: Sage",
            "title": "Regression with dummy variables",
            "type": "book"
        },
        {
            "ISBN": "9780803951280",
            "author": [
                {
                    "family": "Hardy",
                    "given": "M. A."
                }
            ],
            "collection-title": "Sage university paper series on quantitative applications in the social sciences - 93",
            "container-title": "Regression with dummy variables",
            "editor": [
                {
                    "family": "Hardy",
                    "given": "M. A."
                }
            ],
            "id": "qass93_ch1",
            "issued": {
                "date-parts": [
                    [
                        1993
                    ]
                ]
            },
            "page": "1-6",
            "publisher": "Newbury Park, CA: Sage",
            "title": "Introduction",
            "type": "chapter"
        },
        {
            "ISBN": "9780803951280",
            "author": [
                {
                    "family": "Hardy",
                    "given": "M. A."
                }
            ],
            "collection-title": "Sage university paper series on quantitative applications in the social sciences - 93",
            "container-title": "Regression with dummy variables",
            "editor": [
                {
                    "family": "Hardy",
                    "given": "M. A."
                }
            ],
            "id": "qass93_ch2",
            "issued": {
                "date-parts": [
                    [
                        1993
                    ]
                ]
            },
            "page": "7-17",
            "publisher": "Newbury Park, CA: Sage",
            "title": "Creating dummy variables",
            "type": "chapter"
        },
        {
            "ISBN": "9780803951280",
            "author": [
                {
                    "family": "Hardy",
                    "given": "M. A."
                }
            ],
            "collection-title": "Sage university paper series on quantitative applications in the social sciences - 93",
            "container-title": "Regression with dummy variables",
            "editor": [
                {
                    "family": "Hardy",
                    "given": "M. A."
                }
            ],
            "id": "qass93_ch3",
            "issued": {
                "date-parts": [
                    [
                        1993
                    ]
                ]
            },
            "page": "18-28",
            "publisher": "Newbury Park, CA: Sage",
            "title": "Using dummy variables as regressors",
            "type": "chapter"
        },
        {
            "ISBN": "9780803951280",
            "author": [
                {
                    "family": "Hardy",
                    "given": "M. A."
                }
            ],
            "collection-title": "Sage university paper series on quantitative applications in the social sciences - 93",
            "container-title": "Regression with dummy variables",
            "editor": [
                {
                    "family": "Hardy",
                    "given": "M. A."
                }
            ],
            "id": "qass93_ch4",
            "issued": {
                "date-parts": [
                    [
                        1993
                    ]
                ]
            },
            "page": "29-63",
            "publisher": "Newbury Park, CA: Sage",
            "title": "Assessing group differences in effects",
            "type": "chapter"
        },
        {
            "ISBN": "9780803951280",
            "author": [
                {
                    "family": "Hardy",
                    "given": "M. A."
                }
            ],
            "collection-title": "Sage university paper series on quantitative applications in the social sciences - 93",
            "container-title": "Regression with dummy variables",
            "editor": [
                {
                    "family": "Hardy",
                    "given": "M. A."
                }
            ],
            "id": "qass93_ch5",
            "issued": {
                "date-parts": [
                    [
                        1993
                    ]
                ]
            },
            "page": "64-74",
            "publisher": "Newbury Park, CA: Sage",
            "title": "Alternative coding schemes for dummy variables",
            "type": "chapter"
        },
        {
            "ISBN": "9780803951280",
            "author": [
                {
                    "family": "Hardy",
                    "given": "M. A."
                }
            ],
            "collection-title": "Sage university paper series on quantitative applications in the social sciences - 93",
            "container-title": "Regression with dummy variables",
            "editor": [
                {
                    "family": "Hardy",
                    "given": "M. A."
                }
            ],
            "id": "qass93_ch6",
            "issued": {
                "date-parts": [
                    [
                        1993
                    ]
                ]
            },
            "page": "75-84",
            "publisher": "Newbury Park, CA: Sage",
            "title": "Special topics in the use of dummy variables",
            "type": "chapter"
        },
        {
            "ISBN": "9781482253481",
            "author": [
                {
                    "family": "McElreath",
                    "given": "R."
                }
            ],
            "collection-title": "Chapman & hall/CRC texts in statistical science",
            "id": "mcelreath2018statistical",
            "issued": {
                "date-parts": [
                    [
                        2015
                    ]
                ]
            },
            "publisher": "CRC Press",
            "title": "Statistical rethinking: A bayesian course with examples in r and stan",
            "title-short": "Statistical rethinking",
            "type": "book"
        },
        {
            "ISBN": "9781482253481",
            "author": [
                {
                    "family": "McElreath",
                    "given": "R."
                }
            ],
            "collection-title": "Chapman & hall/CRC texts in statistical science",
            "container-title": "Statistical rethinking: A bayesian course with examples in r and stan",
            "editor": [
                {
                    "family": "McElreath",
                    "given": "R."
                }
            ],
            "id": "stat_rethink_ch9",
            "issued": {
                "date-parts": [
                    [
                        2015
                    ]
                ]
            },
            "page": "267-290",
            "publisher": "CRC Press",
            "title": "Big entropy and the generalized linear model",
            "type": "chapter"
        },
        {
            "ISBN": "9780521686891",
            "author": [
                {
                    "family": "Gelman",
                    "given": "A."
                },
                {
                    "family": "Hill",
                    "given": "J."
                }
            ],
            "collection-title": "Analytical methods for social research",
            "id": "gelman2007data",
            "issued": {
                "date-parts": [
                    [
                        2007
                    ]
                ]
            },
            "publisher": "Cambridge University Press",
            "title": "Data analysis using regression and multilevel/hierarchical models",
            "type": "book"
        },
        {
            "ISBN": "9780521686891",
            "author": [
                {
                    "family": "Gelman",
                    "given": "A."
                },
                {
                    "family": "Hill",
                    "given": "J."
                }
            ],
            "collection-title": "Analytical methods for social research",
            "container-title": "Data analysis using regression and multilevel/hierarchical models",
            "editor": [
                {
                    "family": "Gelman",
                    "given": "A."
                },
                {
                    "family": "Hill",
                    "given": "J."
                }
            ],
            "id": "gelman_hill_ch5",
            "issued": {
                "date-parts": [
                    [
                        2007
                    ]
                ]
            },
            "page": "79-108",
            "publisher": "Cambridge University Press",
            "title": "Logistic regression",
            "type": "chapter"
        },
        {
            "ISBN": "9780521686891",
            "author": [
                {
                    "family": "Gelman",
                    "given": "A."
                },
                {
                    "family": "Hill",
                    "given": "J."
                }
            ],
            "collection-title": "Analytical methods for social research",
            "container-title": "Data analysis using regression and multilevel/hierarchical models",
            "editor": [
                {
                    "family": "Gelman",
                    "given": "A."
                },
                {
                    "family": "Hill",
                    "given": "J."
                }
            ],
            "id": "gelman_hill_ch6",
            "issued": {
                "date-parts": [
                    [
                        2007
                    ]
                ]
            },
            "page": "109-134",
            "publisher": "Cambridge University Press",
            "title": "Generalized linear models",
            "type": "chapter"
        },
        {
            "author": [
                {
                    "family": "Takahashi",
                    "given": "Shin"
                }
            ],
            "id": "manga2009",
            "issued": {
                "date-parts": [
                    [
                        2009
                    ]
                ]
            },
            "publisher": "Trend-Pro CO., LTD",
            "title": "The manga guide to statistics",
            "type": "book"
        },
        {
            "author": [
                {
                    "family": "Darwin",
                    "given": "Charles"
                }
            ],
            "id": "darwin2016origin",
            "issued": {
                "date-parts": [
                    [
                        2016
                    ]
                ]
            },
            "publisher": "Routledge: London",
            "title": "On the origin of species (1859)",
            "type": "book"
        },
        {
            "author": [
                {
                    "family": "Ferrari",
                    "given": "G. R."
                },
                {
                    "family": "Griffith",
                    "given": "Tom"
                }
            ],
            "id": "ferrari2000plato",
            "issued": {
                "date-parts": [
                    [
                        2000
                    ]
                ]
            },
            "publisher": "Cambridge University Press: Cambridge",
            "title": "Plato: The Republic",
            "title-short": "Plato",
            "type": "book"
        },
        {
            "author": [
                {
                    "family": "Figueredo",
                    "given": "A. J."
                }
            ],
            "container-title": "Statistical Methods in Psychological Research",
            "id": "figueredo_newton",
            "issued": {
                "date-parts": [
                    [
                        2013
                    ]
                ]
            },
            "title": "The Newtonian worldview in statistics",
            "type": "article-journal"
        },
        {
            "author": [
                {
                    "family": "Figueredo",
                    "given": "A. J."
                }
            ],
            "container-title": "Statistical Methods in Psychological Research",
            "id": "figueredo_darwin",
            "issued": {
                "date-parts": [
                    [
                        2013
                    ]
                ]
            },
            "title": "The Darwinian worldview in statistics",
            "type": "article-journal"
        },
        {
            "author": [
                {
                    "family": "Figueredo",
                    "given": "A. J."
                }
            ],
            "container-title": "Statistical Methods in Psychological Research",
            "id": "figueredo_regression",
            "issued": {
                "date-parts": [
                    [
                        2013
                    ]
                ]
            },
            "title": "Multiple regression",
            "type": "article-journal"
        },
        {
            "author": [
                {
                    "family": "Figueredo",
                    "given": "A. J."
                }
            ],
            "container-title": "Statistical Methods in Psychological Research",
            "id": "figueredo_inference",
            "issued": {
                "date-parts": [
                    [
                        2013
                    ]
                ]
            },
            "title": "Strong inference",
            "type": "article-journal"
        },
        {
            "author": [
                {
                    "family": "Figueredo",
                    "given": "A. J."
                }
            ],
            "container-title": "Statistical Methods in Psychological Research",
            "id": "figueredo_selection",
            "issued": {
                "date-parts": [
                    [
                        2013
                    ]
                ]
            },
            "title": "Empirical selection of variables",
            "type": "article-journal"
        },
        {
            "author": [
                {
                    "family": "Figueredo",
                    "given": "A. J."
                }
            ],
            "container-title": "Statistical Methods in Psychological Research",
            "id": "figueredo_cont",
            "issued": {
                "date-parts": [
                    [
                        2013
                    ]
                ]
            },
            "title": "Continuous and categorical predictors",
            "type": "article-journal"
        },
        {
            "author": [
                {
                    "family": "Figueredo",
                    "given": "A. J."
                }
            ],
            "container-title": "Statistical Methods in Psychological Research",
            "id": "figueredo_glm",
            "issued": {
                "date-parts": [
                    [
                        2013
                    ]
                ]
            },
            "title": "The General Linear Model: ANOVA",
            "title-short": "The General Linear Model",
            "type": "article-journal"
        },
        {
            "author": [
                {
                    "family": "Galton",
                    "given": "Francis"
                }
            ],
            "id": "galton1869hereditary",
            "issued": {
                "date-parts": [
                    [
                        1869
                    ]
                ]
            },
            "publisher": "Macmillan; Co.: London",
            "title": "Hereditary genius: An inquiry into its laws and consequences",
            "title-short": "Hereditary genius",
            "type": "book"
        },
        {
            "author": [
                {
                    "family": "Newton",
                    "given": "Isaac"
                }
            ],
            "id": "newton",
            "issued": {
                "date-parts": [
                    [
                        1687
                    ]
                ]
            },
            "publisher": "London",
            "title": "Philosophiae naturalis principia mathematica (mathematical principles of natural philosophy)",
            "type": "book"
        },
        {
            "author": [
                {
                    "family": "Quetelet",
                    "given": "L. A. J."
                }
            ],
            "id": "quetelet1869homme",
            "issued": {
                "date-parts": [
                    [
                        1869
                    ]
                ]
            },
            "title": "Sur l’homme et le développement de ses facultés, ou essai de physique sociale (Vol. 2)",
            "type": "book"
        },
        {
            "author": [
                {
                    "family": "Ross",
                    "given": "W. D."
                },
                {
                    "family": "Smith",
                    "given": "J. A."
                }
            ],
            "id": "ross1912works",
            "issued": {
                "date-parts": [
                    [
                        1912
                    ]
                ]
            },
            "publisher": "Clarendon Press",
            "title": "The works of aristotle: De Partibus Animalium; De Motu; De Incessu Animalium; De Generatione Animalium",
            "title-short": "The works of aristotle",
            "type": "book"
        },
        {
            "author": [
                {
                    "family": "Cohen",
                    "given": "J."
                },
                {
                    "family": "Cohen",
                    "given": "P."
                }
            ],
            "id": "cohen_1975",
            "issued": {
                "date-parts": [
                    [
                        1975
                    ]
                ]
            },
            "publisher": "Lawrence Erlbaum",
            "title": "Applied multiple regression/correlation analysis for the behavioral sciences",
            "type": "book"
        },
        {
            "DOI": "10.1037/h0026714",
            "author": [
                {
                    "family": "Cohen",
                    "given": "Jacob"
                }
            ],
            "container-title": "Psychological bulletin",
            "id": "cohen1968multiple",
            "issue": "6",
            "issued": {
                "date-parts": [
                    [
                        1968
                    ]
                ]
            },
            "page": "426-443",
            "title": "Multiple regression as a general data-analytic system",
            "type": "article-journal",
            "volume": "70"
        },
        {
            "DOI": "10.1037/h0043943",
            "author": [
                {
                    "family": "Cronbach",
                    "given": "Lee J"
                }
            ],
            "container-title": "American psychologist",
            "id": "cronbach1957two",
            "issue": "11",
            "issued": {
                "date-parts": [
                    [
                        1957
                    ]
                ]
            },
            "page": "671-684",
            "title": "The two disciplines of scientific psychology",
            "type": "article-journal",
            "volume": "12"
        },
        {
            "DOI": "10.1093/bjps/axi152",
            "author": [
                {
                    "family": "Lenhard",
                    "given": "Johannes"
                }
            ],
            "container-title": "The British journal for the philosophy of science",
            "id": "lenhard2006models",
            "issued": {
                "date-parts": [
                    [
                        2006
                    ]
                ]
            },
            "title": "Models and statistical inference: The controversy between Fisher and Neyman-Pearson",
            "title-short": "Models and statistical inference",
            "type": "article-journal"
        },
        {
            "DOI": "10.1093/ije/dyw315",
            "author": [
                {
                    "family": "Fisher",
                    "given": "Ronald A"
                }
            ],
            "container-title": "The Eugenics Review",
            "id": "fisher1919causes",
            "issue": "4",
            "issued": {
                "date-parts": [
                    [
                        1919
                    ]
                ]
            },
            "page": "213-220",
            "title": "The causes of human variability",
            "type": "article-journal",
            "volume": "10"
        },
        {
            "author": [
                {
                    "family": "Fisher",
                    "given": "Ronald A"
                }
            ],
            "id": "fisher1925statistical",
            "issued": {
                "date-parts": [
                    [
                        1925
                    ]
                ]
            },
            "publisher": "Edinburgh: Oliver; Boyd",
            "title": "Statistical methods for research workers",
            "type": "book"
        },
        {
            "author": [
                {
                    "family": "Cohen",
                    "given": "Jacob"
                }
            ],
            "id": "cohen1969statistical",
            "issued": {
                "date-parts": [
                    [
                        1969
                    ]
                ]
            },
            "publisher": "routledge",
            "title": "Statistical power analysis for the behavioral sciences",
            "type": "book"
        },
        {
            "DOI": "10.1037/0003-066X.49.12.997",
            "author": [
                {
                    "family": "Cohen",
                    "given": "Jacob"
                }
            ],
            "container-title": "American psychologist",
            "id": "cohen1994earth",
            "issue": "12",
            "issued": {
                "date-parts": [
                    [
                        1994
                    ]
                ]
            },
            "page": "997-1003",
            "title": "The earth is round (p<.05)",
            "type": "article-journal",
            "volume": "49"
        },
        {
            "DOI": "10.1037/0003-066X.45.12.1304",
            "author": [
                {
                    "family": "Cohen",
                    "given": "Jacob"
                }
            ],
            "container-title": "American psychologist",
            "id": "cohen1990learned",
            "issue": "12",
            "issued": {
                "date-parts": [
                    [
                        1990
                    ]
                ]
            },
            "page": "1304-1312",
            "title": "Things I have learned (so far)",
            "type": "article-journal",
            "volume": "45"
        },
        {
            "DOI": "10.1121/1.4951704",
            "author": [
                {
                    "family": "Llompart",
                    "given": "Miquel"
                },
                {
                    "family": "Casillas",
                    "given": "Joseph V"
                }
            ],
            "container-title": "The Journal of the Acoustical Society of America",
            "id": "llompart2016lexically",
            "issue": "5",
            "issued": {
                "date-parts": [
                    [
                        2016
                    ]
                ]
            },
            "page": "EL172-EL177",
            "title": "Lexically driven selective adaptation by ambiguous auditory stimuli occurs after limited exposure to adaptors",
            "type": "article-journal",
            "volume": "139"
        },
        {
            "DOI": "10.1159/000431101",
            "author": [
                {
                    "family": "Casillas",
                    "given": "Joseph V."
                }
            ],
            "container-title": "Phonetica",
            "id": "casillas2015production",
            "issue": "2-3",
            "issued": {
                "date-parts": [
                    [
                        2015
                    ]
                ]
            },
            "page": "182-205",
            "title": "Production and perception of the/i/-/i/vowel contrast: The case of L2-dominant early learners of english",
            "title-short": "Production and perception of the/i/-/i/vowel contrast",
            "type": "article-journal",
            "volume": "72"
        },
        {
            "DOI": "10.1017/S0142716423000310",
            "author": [
                {
                    "family": "Casillas",
                    "given": "Joseph V."
                },
                {
                    "family": "Garrido-Pozú",
                    "given": "Juan José"
                },
                {
                    "family": "Parrish",
                    "given": "Kyle"
                },
                {
                    "family": "Arroyo",
                    "given": "Laura Fernández"
                },
                {
                    "family": "Rodrı́guez",
                    "given": "Nicole"
                },
                {
                    "family": "Esposito",
                    "given": "Robert"
                },
                {
                    "family": "Chang",
                    "given": "Isabelle"
                },
                {
                    "family": "Gómez",
                    "given": "Kimberly"
                },
                {
                    "family": "Constantin-Dureci",
                    "given": "Gabriela"
                },
                {
                    "family": "Shao",
                    "given": "Jiawei"
                },
                {
                    "literal": "others"
                }
            ],
            "container-title": "Applied psycholinguistics",
            "id": "casillas2023using",
            "issue": "5",
            "issued": {
                "date-parts": [
                    [
                        2023
                    ]
                ]
            },
            "page": "913-940",
            "title": "Using intonation to disambiguate meaning: The role of empathy and proficiency in L2 perceptual development",
            "title-short": "Using intonation to disambiguate meaning",
            "type": "article-journal",
            "volume": "44"
        }
    ],
    "project_biblios": [
        "./assets/bib/ds4ling_refs.bib"
    ]
}