age,vocab,reader
10.41,9795,average
12.33,15226,average
13.17,18853,frequent
9.03,13724,average
6.51,12106,frequent
9.57,11306,average
4.07,7019,frequent
10.5,14083,frequent
8.47,11524,average
11.15,16985,frequent
5.94,8949,average
6,11210,frequent
9.96,11937,average
6.11,6466,average
7.87,12439,frequent
14.45,17227,average
13.28,15234,average
10.8,15660,frequent
5.44,5639,average
6.36,7667,average
6.54,9391,frequent
10.87,9292,average
11.1,14211,average
12.19,20313,frequent
6.31,9478,frequent
14.38,14657,average
10.88,13066,average
14.33,23302,frequent
12.68,21397,frequent
13.24,17539,frequent
5.22,6049,average
12.41,14049,average
5.89,7957,frequent
8.11,4273,average
14.96,15739,average
9.14,8889,average
11.5,9901,average
11.01,11632,average
7.05,9554,average
4.75,6001,average
12.16,15014,average
4.85,3555,average
10.55,12621,frequent
6.58,9694,average
14.52,17308,average
7.47,6622,average
12.42,12508,average
10.92,18280,frequent
5.58,4008,average
13.92,15312,average
4.76,5932,average
13.77,16212,frequent
12.25,17787,frequent
7.21,9928,average
4.76,6356,frequent
11.97,12774,average
7.22,7650,average
5.19,7540,frequent
10.18,10387,average
13.14,19095,frequent
10.51,14611,average
5.06,6467,average
6.5,7871,average
4.51,6292,frequent
6.76,7762,average
14.47,17586,average
4.45,4120,average
13.43,16072,average
8.68,9648,average
14.9,13687,average
8.36,13294,frequent
11.47,13505,average
11.91,10027,average
11.9,13363,average
13.46,16094,average
9.94,11940,average
6.1,12412,frequent
12.88,17840,frequent
14.16,18881,frequent
14.27,19831,frequent
11.76,18232,frequent
10.39,15073,frequent
5.9,7199,frequent
8.41,9866,frequent
13.21,10775,average
5.62,7923,frequent
7.66,14284,frequent
7.95,6489,average
6.55,8737,frequent
8.5,8396,average
13.07,14827,average
4.62,4909,frequent
14.51,14569,average
7.05,12345,frequent
12.96,19282,frequent
11.88,12659,average
14.32,21067,frequent
8.04,13952,frequent
9.3,11562,average
7.4,10276,frequent
10.6,14196,average
8.36,12193,frequent
9.96,12580,frequent
12.52,14999,average
14.1,22582,frequent
5.82,8700,frequent
13.51,15631,average
5.57,8910,average
10,13303,frequent
7.46,7378,average
13.73,17311,average
7.46,9188,average
14.05,17327,average
14.98,15621,average
13.62,20751,frequent
8.51,7154,average
7.84,7053,average
6.66,8913,frequent
10,16117,frequent
6,9173,average
9.06,14356,frequent
7.09,7477,average
8.34,11413,average
11.08,11216,average
6.25,9191,average
5.85,7759,average
5.57,7572,frequent
4.93,4383,average
10.59,15030,average
9.52,15936,frequent
7.38,9016,average
10.03,8848,average
8.69,16743,frequent
14.51,21097,frequent
8.73,11398,average
5.41,10088,frequent
14.54,26571,frequent
4.21,4329,average
5.8,4815,average
14.95,22161,frequent
11.21,13476,average
14.21,16101,average
14.68,18704,average
4.46,1824,average
8.12,8603,average
13.34,15746,average
8.33,8718,average
9.08,13944,frequent
8.42,10629,average
10.27,14575,frequent
6.14,4782,average
6.87,6925,average
5.84,5954,frequent
9.65,15541,average
4.7,8423,frequent
14.43,15503,average
12.25,15507,average
10.47,18513,frequent
14.57,14533,average
4.36,8484,frequent
4.8,7242,average
7.86,7753,average
9.63,12780,frequent
6.3,6903,average
4.95,8186,frequent
12.51,17328,frequent
8.34,14212,frequent
8.07,13385,frequent
11.2,11225,average
5.75,7465,average
8.23,9811,average
5.45,5284,average
7.54,7749,average
10.91,17495,frequent
13.61,20146,frequent
10.73,15553,average
7.77,7557,average
7.68,11479,frequent
11.75,12024,average
12.87,20451,frequent
8.26,12541,frequent
6.63,10575,frequent
7.13,11277,frequent
14.92,20759,frequent
10.32,12462,frequent
9.02,8894,average
10.78,14905,frequent
13.83,16717,average
7.14,6806,average
4.09,4657,average
14.31,16795,average
4.24,6143,frequent
5.36,5133,average
7.84,10336,frequent
4.37,8162,average
13.86,17134,average
4.81,4792,average
6.5,6650,average
8.3,9636,average
11.79,17333,average
